Date,proba,y_test
2017-11-03,0.05878838734044805,0.0
2017-11-06,0.05885804200738542,0.0
2017-11-07,0.05972591302652266,0.0
2017-11-08,0.05926458056324827,0.0
2017-11-09,0.06633212392390957,0.0
2017-11-10,0.06738381273556186,0.0
2017-11-13,0.06747468191400663,0.0
2017-11-14,0.07190109621067993,0.0
2017-11-15,0.07769408177161552,0.0
2017-11-16,0.07538069570501302,0.0
2017-11-17,0.07710745438876977,0.0
2017-11-20,0.07564645343206342,0.0
2017-11-21,0.07303005835901394,0.0
2017-11-22,0.07291561196511662,0.0
2017-11-23,0.07413418583767613,0.0
2017-11-24,0.06981316582211107,0.0
2017-11-27,0.06957316863909954,0.0
2017-11-28,0.0683187693475991,0.0
2017-11-29,0.06967252852620781,0.0
2017-11-30,0.06623151562806237,0.0
2017-12-01,0.06862383641964091,0.0
2017-12-04,0.07261744815561462,0.0
2017-12-05,0.07633116857645039,0.0
2017-12-06,0.07686528241334453,0.0
2017-12-07,0.07436193227385196,0.0
2017-12-08,0.07149230716842607,0.0
2017-12-11,0.07019117120298292,0.0
2017-12-12,0.0690000943793123,0.0
2017-12-13,0.06767412394638228,0.0
2017-12-14,0.07012007807703856,0.0
2017-12-15,0.06548539280622405,0.0
2017-12-18,0.06283657844399516,0.0
2017-12-19,0.06603507037290184,0.0
2017-12-20,0.06715618521715815,0.0
2017-12-21,0.06648799589003423,0.0
2017-12-22,0.06759854173218152,0.0
2017-12-25,0.0684077637815921,0.0
2017-12-26,0.0665200436621269,0.0
2017-12-27,0.0667299175976048,0.0
2017-12-28,0.06335520277759714,0.0
2017-12-29,0.06669815069575938,0.0
2018-01-01,0.06720786202328018,0.0
2018-01-02,0.06358120963640891,0.0
2018-01-03,0.06098138015459263,0.0
2018-01-04,0.05931626144161712,0.0
2018-01-05,0.05626111639031019,0.0
2018-01-08,0.05587657330096839,0.0
2018-01-09,0.05531953781882208,0.0
2018-01-10,0.057062176974301305,0.0
2018-01-11,0.05311555276225447,0.0
2018-01-12,0.04964766080626191,0.0
2018-01-15,0.05009337048274827,0.0
2018-01-16,0.052161879195925465,0.0
2018-01-17,0.04962394448372087,0.0
2018-01-18,0.05167996394440715,0.0
2018-01-19,0.05046108752249875,0.0
2018-01-22,0.047853637746893225,0.0
2018-01-23,0.047188953153543024,0.0
2018-01-24,0.04831050119999844,0.0
2018-01-25,0.04910365955255216,0.0
2018-01-26,0.04415037098889139,0.0
2018-01-29,0.04976700149823897,0.0
2018-01-30,0.058430675119274654,0.0
2018-01-31,0.058690661752931216,0.0
2018-02-01,0.06060938854382814,0.0
2018-02-02,0.08068746499248111,0.0
2018-02-05,0.1267600601778751,0.0
2018-02-06,0.1090898803987513,0.0
2018-02-07,0.11545713913683718,0.0
2018-02-08,0.1599206482469357,0.0
2018-02-09,0.14246362184120376,0.0
2018-02-12,0.12764266996909818,0.0
2018-02-13,0.1255886408689905,0.0
2018-02-14,0.11208966539507087,0.0
2018-02-15,0.10147134198029036,0.0
2018-02-16,0.10176455202366289,0.0
2018-02-19,0.10193332835072744,0.0
2018-02-20,0.10870287325597211,0.0
2018-02-21,0.11396868103159698,0.0
2018-02-22,0.11342462766653279,0.0
2018-02-23,0.09860120807925812,0.0
2018-02-26,0.08959922895571742,0.0
2018-02-27,0.10096274282968921,0.0
2018-02-28,0.11119675779166796,0.0
2018-03-01,0.1266468685108857,0.0
2018-03-02,0.1191298443361459,0.0
2018-03-05,0.09769735896315888,0.0
2018-03-06,0.09384674700285309,0.0
2018-03-07,0.09437740332345045,0.0
2018-03-08,0.08034556871826018,0.0
2018-03-09,0.06877111887212593,0.0
2018-03-12,0.0692391948160992,0.0
2018-03-13,0.07451948755999745,0.0
2018-03-14,0.0778067799353461,0.0
2018-03-15,0.07783242196362349,0.0
2018-03-16,0.07730283671188601,0.0
2018-03-19,0.08907960152919003,0.0
2018-03-20,0.08769948597960503,0.0
2018-03-21,0.08929387841861403,0.0
2018-03-22,0.11578396232182489,0.0
2018-03-23,0.1376212445427459,0.0
2018-03-26,0.11292556445924662,0.0
2018-03-27,0.13052450759171644,0.0
2018-03-28,0.13276282121575325,0.0
2018-03-29,0.11872724803532694,0.0
2018-03-30,0.11814754837818359,0.0
2018-04-02,0.14118130385578276,0.0
2018-04-03,0.1272759836522108,0.0
2018-04-04,0.11630601248573477,0.0
2018-04-05,0.10820350737081004,0.0
2018-04-06,0.1293813170255744,0.0
2018-04-09,0.12360374518670361,0.0
2018-04-10,0.10826345000199333,0.0
2018-04-11,0.11255397383893864,0.0
2018-04-12,0.10430212692961992,0.0
2018-04-13,0.10640681468578232,0.0
2018-04-16,0.09776091347141566,0.0
2018-04-17,0.08832710197674828,0.0
2018-04-18,0.08715489507551065,0.0
2018-04-19,0.08821978182091415,0.0
2018-04-20,0.09240759205752669,0.0
2018-04-23,0.08798719280117352,0.0
2018-04-24,0.09759108150978221,0.0
2018-04-25,0.09446598220377236,0.0
2018-04-26,0.08511271061503299,0.0
2018-04-27,0.08456250476288663,0.0
2018-04-30,0.09027136329037716,0.0
2018-05-01,0.08832550459009525,0.0
2018-05-02,0.09321846839906492,0.0
2018-05-03,0.09729401808972402,0.0
2018-05-04,0.08387451784641238,0.0
2018-05-07,0.08170036699316457,0.0
2018-05-08,0.0796013871568569,0.0
2018-05-09,0.07336758405352961,0.0
2018-05-10,0.0674273039457253,0.0
2018-05-11,0.06532849824197175,0.0
2018-05-14,0.0646570876215371,0.0
2018-05-15,0.06869481263385847,0.0
2018-05-16,0.06622914139788813,0.0
2018-05-17,0.06652548286564167,0.0
2018-05-18,0.067630278952027,0.0
2018-05-21,0.06326248248842917,0.0
2018-05-22,0.06316581993946445,0.0
2018-05-23,0.06170348146794918,0.0
2018-05-24,0.06276233926387932,0.0
2018-05-25,0.06454390681396965,0.0
2018-05-28,0.06379221164687769,0.0
2018-05-29,0.07289559774727278,0.0
2018-05-30,0.06491050682589847,0.0
2018-05-31,0.06920419718669904,0.0
2018-06-01,0.06255692892608725,0.0
2018-06-04,0.05969594125268454,0.0
2018-06-05,0.05933672498842214,0.0
2018-06-06,0.05452509898990462,0.0
2018-06-07,0.05416572645451817,0.0
2018-06-08,0.05269226766397829,0.0
2018-06-11,0.05244248320578501,0.0
2018-06-12,0.05143837644133531,0.0
2018-06-13,0.053407781622793325,0.0
2018-06-14,0.053296498855136896,0.0
2018-06-15,0.055237875812057406,0.0
2018-06-18,0.057574712249289416,0.0
2018-06-19,0.06111186069473804,0.0
2018-06-20,0.060750861000760846,0.0
2018-06-21,0.06584033487445912,0.0
2018-06-22,0.06509228593390645,0.0
2018-06-25,0.07898535198954561,0.0
2018-06-26,0.07623034388887585,0.0
2018-06-27,0.08083783497535205,0.0
2018-06-28,0.0770094767743964,0.0
2018-06-29,0.07668953773344622,0.0
2018-07-02,0.07538418723136255,0.0
2018-07-03,0.07945939206546151,0.0
2018-07-04,0.07789945441116516,0.0
2018-07-05,0.07445456655939352,0.0
2018-07-06,0.07040834917328098,0.0
2018-07-09,0.06650873625223336,0.0
2018-07-10,0.06528868111834725,0.0
2018-07-11,0.07090652580350514,0.0
2018-07-12,0.06650858168558518,0.0
2018-07-13,0.06695756072472517,0.0
2018-07-16,0.06798084515199677,0.0
2018-07-17,0.0671538092619019,0.0
2018-07-18,0.06659059344504056,0.0
2018-07-19,0.06948037368363161,0.0
2018-07-20,0.07089245447531385,0.0
2018-07-23,0.06611383444200254,0.0
2018-07-24,0.06376805577039414,0.0
2018-07-25,0.05800353527438892,0.0
2018-07-26,0.06047024287871595,0.0
2018-07-27,0.06750486791514168,0.0
2018-07-30,0.07247044571114171,0.0
2018-07-31,0.06926577828530216,0.0
2018-08-01,0.07156625842357459,0.0
2018-08-02,0.06814044286394706,0.0
2018-08-03,0.0649027768887177,0.0
2018-08-06,0.06183741904545361,0.0
2018-08-07,0.060686679708074315,0.0
2018-08-08,0.05972979739394477,0.0
2018-08-09,0.0595730134608217,0.0
2018-08-10,0.06544245988577069,0.0
2018-08-13,0.06885861540479836,0.0
2018-08-14,0.06571231023851529,0.0
2018-08-15,0.07219000288320059,0.0
2018-08-16,0.06801466408459317,0.0
2018-08-17,0.06641843325520133,0.0
2018-08-20,0.06564765158160303,0.0
2018-08-21,0.06549576212974816,0.0
2018-08-22,0.06600295701248102,0.0
2018-08-23,0.06766320254360055,0.0
2018-08-24,0.06397645226803493,0.0
2018-08-27,0.059466811738480806,0.0
2018-08-28,0.059497355372375146,0.0
2018-08-29,0.057222946808443705,0.0
2018-08-30,0.06036827837124518,0.0
2018-08-31,0.06064523001740627,0.0
2018-09-03,0.060958990200718495,0.0
2018-09-04,0.062415831151392834,0.0
2018-09-05,0.06484791911114057,0.0
2018-09-06,0.06737866205680665,0.0
2018-09-07,0.06760685727784062,0.0
2018-09-10,0.066324799526878,0.0
2018-09-11,0.06412357711323687,0.0
2018-09-12,0.06205412856098233,0.0
2018-09-13,0.058449842198380994,0.0
2018-09-14,0.05873172213224463,0.0
2018-09-17,0.06502640282673107,0.0
2018-09-18,0.06297161477786381,0.0
2018-09-19,0.06377367703203528,0.0
2018-09-20,0.060930615457924504,0.0
2018-09-21,0.06156292833609552,0.0
2018-09-24,0.0629005775408724,0.0
2018-09-25,0.06442948709504179,0.0
2018-09-26,0.0662457190222382,0.0
2018-09-27,0.06512395638864028,1.0
2018-09-28,0.06613369786701528,1.0
2018-10-01,0.06546810577461779,1.0
2018-10-02,0.06624925950723373,1.0
2018-10-03,0.06670355431429015,1.0
2018-10-04,0.0750704752318943,1.0
2018-10-05,0.08046174914523645,1.0
2018-10-08,0.08079337260262667,1.0
2018-10-09,0.08199921638573936,1.0
2018-10-10,0.1273184728777601,1.0
2018-10-11,0.15369860432245483,1.0
2018-10-12,0.13974919713782025,1.0
2018-10-15,0.14581259454725318,1.0
2018-10-16,0.1242973902108527,1.0
2018-10-17,0.12495399973559483,1.0
2018-10-18,0.1396755702474195,1.0
2018-10-19,0.14043712692007587,1.0
2018-10-22,0.1457472725034408,1.0
2018-10-23,0.15135291210345597,1.0
2018-10-24,0.19259033473540285,1.0
2018-10-25,0.16958878387291343,1.0
2018-10-26,0.19264925095439622,1.0
2018-10-29,0.19834118222145145,1.0
2018-10-30,0.1780104823030447,1.0
2018-10-31,0.1636710466540664,1.0
2018-11-01,0.14994712477752276,1.0
2018-11-02,0.15694122871049776,1.0
2018-11-05,0.14987319042395603,1.0
2018-11-06,0.14214081555540845,1.0
2018-11-07,0.11246122355706178,1.0
2018-11-08,0.11035110309189895,1.0
2018-11-09,0.11917798511203383,1.0
2018-11-12,0.1401334071467937,1.0
2018-11-13,0.13667214265799055,1.0
2018-11-14,0.14349141850205588,1.0
2018-11-15,0.1298452625787355,1.0
2018-11-16,0.12658228794032403,1.0
2018-11-19,0.14630106979699256,1.0
2018-11-20,0.16922603952175613,1.0
2018-11-21,0.1544221491560804,1.0
2018-11-22,0.14898393284806757,1.0
2018-11-23,0.15228898779185635,1.0
2018-11-26,0.13338634442473166,1.0
2018-11-27,0.12656742898937928,1.0
2018-11-28,0.10468003682732718,1.0
2018-11-29,0.1052915671214915,1.0
2018-11-30,0.09904208393808518,1.0
2018-12-03,0.08781220774479594,1.0
2018-12-04,0.12116840114806103,0.0
2018-12-05,0.11647852090113174,0.0
2018-12-06,0.11695400720387,0.0
2018-12-07,0.14219845032225423,0.0
2018-12-10,0.13628833045305572,0.0
2018-12-11,0.13473050658991217,0.0
2018-12-12,0.1275040734923916,0.0
2018-12-13,0.12543313148629803,0.0
2018-12-14,0.145552948190708,0.0
2018-12-17,0.16725264869093154,0.0
2018-12-18,0.16359032919364153,0.0
2018-12-19,0.18111893673741788,0.0
2018-12-20,0.20166365998320793,0.0
2018-12-21,0.23053977100811596,0.0
2018-12-24,0.26732720095278506,0.0
2018-12-25,0.2608268860182444,0.0
2018-12-26,0.18869965658446022,0.0
2018-12-27,0.17543272440802612,0.0
2018-12-28,0.17356556104955248,0.0
2018-12-31,0.1584141670176218,0.0
2019-01-01,0.1515886123591767,0.0
2019-01-02,0.14980270456267533,0.0
2019-01-03,0.18094219895682095,0.0
2019-01-04,0.13975874090393473,0.0
2019-01-07,0.1297923744676804,0.0
2019-01-08,0.11960083448145956,0.0
2019-01-09,0.1134049062914686,0.0
2019-01-10,0.1094245168703583,0.0
2019-01-11,0.10666575436304825,0.0
2019-01-14,0.11013814865076445,0.0
2019-01-15,0.09889621379571413,0.0
2019-01-16,0.0970138334539609,0.0
2019-01-17,0.08946681466532433,0.0
2019-01-18,0.0776975017819655,0.0
2019-01-21,0.07464931240539281,0.0
2019-01-22,0.08595292900256951,0.0
2019-01-23,0.07568753417161371,0.0
2019-01-24,0.07496184432211443,0.0
2019-01-25,0.06894569467489427,0.0
2019-01-28,0.07411732448378573,0.0
2019-01-29,0.0747402175551303,0.0
2019-01-30,0.0646423260081554,0.0
2019-01-31,0.05610732777126058,0.0
2019-02-01,0.05194766500683421,0.0
2019-02-04,0.04859018857945759,0.0
2019-02-05,0.04649873881676485,0.0
2019-02-06,0.04728566100259085,0.0
2019-02-07,0.052677024061831015,0.0
2019-02-08,0.051978096234288514,0.0
2019-02-11,0.051569460081326096,0.0
2019-02-12,0.045910747491703006,0.0
2019-02-13,0.04476914661293004,0.0
2019-02-14,0.046115050154674354,0.0
2019-02-15,0.0415056512120945,0.0
2019-02-18,0.04190542304043495,0.0
2019-02-19,0.04031035964611061,0.0
2019-02-20,0.039790378370400135,0.0
2019-02-21,0.04157993041903571,0.0
2019-02-22,0.03902232025392237,0.0
2019-02-25,0.038086044792780015,0.0
2019-02-26,0.03900499432768668,0.0
2019-02-27,0.03848699946101989,0.0
2019-02-28,0.03929677452197124,0.0
2019-03-01,0.03759169430391472,0.0
2019-03-04,0.0394434886973657,0.0
2019-03-05,0.04041544284622222,0.0
2019-03-06,0.043658896411467966,0.0
2019-03-07,0.047658264320361715,0.0
2019-03-08,0.04931632236740287,0.0
2019-03-11,0.044691185501207785,0.0
2019-03-12,0.04290640474632579,0.0
2019-03-13,0.04125128321150954,0.0
2019-03-14,0.0426276850384965,0.0
2019-03-15,0.04135401093157333,0.0
2019-03-18,0.04166061257592253,0.0
2019-03-19,0.04287724993903633,0.0
2019-03-20,0.047788021414317955,0.0
2019-03-21,0.04441198606226695,0.0
2019-03-22,0.058149176443381044,0.0
2019-03-25,0.059753677302208506,0.0
2019-03-26,0.05703621810501458,0.0
2019-03-27,0.06138178918624589,0.0
2019-03-28,0.062332246269324286,0.0
2019-03-29,0.06353039955886268,0.0
2019-04-01,0.05846169047816659,0.0
2019-04-02,0.05941434380050605,0.0
2019-04-03,0.058940194194028926,0.0
2019-04-04,0.057172074104691606,0.0
2019-04-05,0.055280319728322744,0.0
2019-04-08,0.05446297408636181,0.0
2019-04-09,0.059078756726918466,0.0
2019-04-10,0.05780498119623678,0.0
2019-04-11,0.05900139365889639,0.0
2019-04-12,0.05667797438362685,0.0
2019-04-15,0.05789132440273845,0.0
2019-04-16,0.059715280919845,0.0
2019-04-17,0.0619926225989789,0.0
2019-04-18,0.06027980566396274,0.0
2019-04-19,0.05380065561193011,0.0
2019-04-22,0.05438508480169047,0.0
2019-04-23,0.05087767914886182,0.0
2019-04-24,0.05272427842217125,0.0
2019-04-25,0.05407210920157198,0.0
2019-04-26,0.052081908371988325,0.0
2019-04-29,0.04950095367062237,0.0
2019-04-30,0.049921198653277855,0.0
2019-05-01,0.056284946597017826,0.0
2019-05-02,0.05881171970056363,0.0
2019-05-03,0.05546138670704423,0.0
2019-05-06,0.05899468482751412,0.0
2019-05-07,0.07519154919585026,0.0
2019-05-08,0.07659485983611009,0.0
2019-05-09,0.07955900618986216,0.0
2019-05-10,0.0764273706466145,0.0
2019-05-13,0.10443120896281817,0.0
2019-05-14,0.0979525547311357,0.0
2019-05-15,0.09376160646829049,0.0
2019-05-16,0.08754977424567831,0.0
2019-05-17,0.09369288803416423,0.0
2019-05-20,0.10006470972541917,0.0
2019-05-21,0.09206183797941213,0.0
2019-05-22,0.09499583263341059,0.0
2019-05-23,0.1069392882891624,0.0
2019-05-24,0.10490153006132173,0.0
2019-05-27,0.10520104742789915,0.0
2019-05-28,0.11432438049298939,0.0
2019-05-29,0.12119301968488068,0.0
2019-05-30,0.1197691214264734,0.0
2019-05-31,0.13224894322551498,0.0
2019-06-03,0.136763099687385,0.0
2019-06-04,0.11573735460924373,0.0
2019-06-05,0.1084290179232945,0.0
2019-06-06,0.10276168004142189,0.0
2019-06-07,0.09465484334046599,0.0
2019-06-10,0.08399615344412481,0.0
2019-06-11,0.08367723971408213,0.0
2019-06-12,0.08513631508260658,0.0
2019-06-13,0.08184369907565602,0.0
2019-06-14,0.08446469126581448,0.0
2019-06-17,0.08388957305915418,0.0
2019-06-18,0.07663018356318298,0.0
2019-06-19,0.07554071505189767,0.0
2019-06-20,0.06761844120004315,0.0
2019-06-21,0.06934832654948045,0.0
2019-06-24,0.07114622400969516,0.0
2019-06-25,0.07798985782335109,0.0
2019-06-26,0.07802418511459945,0.0
2019-06-27,0.07567520232917506,0.0
2019-06-28,0.06889368961445438,0.0
2019-07-01,0.06307825386261076,0.0
2019-07-02,0.05761731188864022,0.0
2019-07-03,0.05341273246648363,0.0
2019-07-04,0.05369448238402216,0.0
2019-07-05,0.054001762658118777,0.0
2019-07-08,0.057887553091330694,0.0
2019-07-09,0.057411250265470476,0.0
2019-07-10,0.0550355996678813,0.0
2019-07-11,0.05403567690799609,0.0
2019-07-12,0.05195764596464275,0.0
2019-07-15,0.05216654785747052,0.0
2019-07-16,0.0535269880873196,0.0
2019-07-17,0.058343482875772436,0.0
2019-07-18,0.05553405886073394,0.0
2019-07-19,0.05932308532002462,0.0
2019-07-22,0.058089817911197376,0.0
2019-07-23,0.05306931405506694,0.0
2019-07-24,0.05109886960331459,0.0
2019-07-25,0.05442749739204418,0.0
2019-07-26,0.05151250923218998,0.0
2019-07-29,0.052008440725321216,0.0
2019-07-30,0.05438249951744856,0.0
2019-07-31,0.061784108988346007,0.0
2019-08-01,0.0685961348294615,0.0
2019-08-02,0.07457087606099509,0.0
2019-08-05,0.11217798970742776,0.0
2019-08-06,0.102185310309936,0.0
2019-08-07,0.10162206226357995,0.0
2019-08-08,0.08860178535364523,0.0
2019-08-09,0.09472301889328386,0.0
2019-08-12,0.10687271049869901,0.0
2019-08-13,0.0953036246771068,0.0
2019-08-14,0.1267700712882695,0.0
2019-08-15,0.12484941882922623,0.0
2019-08-16,0.11139817712225132,0.0
2019-08-19,0.10125830124142984,0.0
2019-08-20,0.10895213866599997,0.0
2019-08-21,0.10273499782875894,0.0
2019-08-22,0.10370601584028309,0.0
2019-08-23,0.13212774004390423,0.0
2019-08-26,0.12186469434931442,0.0
2019-08-27,0.12919729633373336,0.0
2019-08-28,0.12209578598091982,0.0
2019-08-29,0.10986839376851938,0.0
2019-08-30,0.1109786878568122,0.0
2019-09-02,0.10416608082454834,0.0
2019-09-03,0.10882919470339414,0.0
2019-09-04,0.09894333651996588,0.0
2019-09-05,0.08645690528953287,0.0
2019-09-06,0.08590056968072743,0.0
2019-09-09,0.08473526515942782,0.0
2019-09-10,0.0842568061619792,0.0
2019-09-11,0.0722344501357198,0.0
2019-09-12,0.07026382490388806,0.0
2019-09-13,0.06992818262673485,0.0
2019-09-16,0.07159381051964663,0.0
2019-09-17,0.0698061255817146,0.0
2019-09-18,0.0694424000165807,0.0
2019-09-19,0.06984607719026659,0.0
2019-09-20,0.06619851389534558,0.0
2019-09-23,0.06576247724111722,0.0
2019-09-24,0.07157554738823577,0.0
2019-09-25,0.06760915559698358,0.0
2019-09-26,0.06743701120968665,0.0
2019-09-27,0.0714022634540058,0.0
2019-09-30,0.0685886079465776,0.0
2019-10-01,0.07804522940567907,0.0
2019-10-02,0.0933535045645737,0.0
2019-10-03,0.08493738039071064,0.0
2019-10-04,0.07677774415481395,0.0
2019-10-07,0.0797555429918793,0.0
2019-10-08,0.09358069362918381,0.0
2019-10-09,0.0861303242301384,0.0
2019-10-10,0.08105056938810738,0.0
2019-10-11,0.07444980101103708,0.0
2019-10-14,0.07519172022333859,0.0
2019-10-15,0.06920066828020673,0.0
2019-10-16,0.07020346111547482,0.0
2019-10-17,0.06833734580764947,0.0
2019-10-18,0.07112216661109955,0.0
2019-10-21,0.06690826319054011,0.0
2019-10-22,0.06857134515198822,0.0
2019-10-23,0.06684693996555433,0.0
2019-10-24,0.06613061360787469,0.0
2019-10-25,0.06382715871362869,0.0
2019-10-28,0.06277674400290201,0.0
2019-10-29,0.06252622289696559,0.0
2019-10-30,0.05790447565739606,0.0
2019-10-31,0.060285125828277,0.0
2019-11-01,0.05477360180298689,0.0
2019-11-04,0.05312264972878882,0.0
2019-11-05,0.050984006077201105,0.0
2019-11-06,0.05236563826066382,0.0
2019-11-07,0.051032144068807954,0.0
2019-11-08,0.04962577735106703,0.0
2019-11-11,0.051348714787668136,0.0
2019-11-12,0.04981476190919339,0.0
2019-11-13,0.05005035660538327,0.0
2019-11-14,0.04980938785485962,0.0
2019-11-15,0.04793355600812062,0.0
2019-11-18,0.04799215949185243,0.0
2019-11-19,0.04832689230679765,0.0
2019-11-20,0.05163293041596318,0.0
2019-11-21,0.053607092346198794,0.0
2019-11-22,0.05287195497007291,0.0
2019-11-25,0.04998073675211122,0.0
2019-11-26,0.049568966754015654,0.0
2019-11-27,0.04836507723590519,0.0
2019-11-28,0.04883150774863619,0.0
2019-11-29,0.05030986250996191,0.0
2019-12-02,0.05715002654714008,0.0
2019-12-03,0.06256308855821506,0.0
2019-12-04,0.060118528295662416,0.0
2019-12-05,0.05932906694127858,0.0
2019-12-06,0.05585380955870524,0.0
2019-12-09,0.05829960297349613,0.0
2019-12-10,0.059459350859273855,0.0
2019-12-11,0.05832947489500783,0.0
2019-12-12,0.054895826387569215,0.0
2019-12-13,0.054538274337173405,0.0
2019-12-16,0.0519939523199782,1.0
2019-12-17,0.05284613160779218,1.0
2019-12-18,0.05309487169532331,1.0
2019-12-19,0.05155542440700146,1.0
2019-12-20,0.050309779351425055,1.0
2019-12-23,0.04963590892893034,1.0
2019-12-24,0.05115924801787043,1.0
2019-12-25,0.05387442485819312,1.0
2019-12-26,0.052510966243765465,1.0
2019-12-27,0.0538544411160487,1.0
2019-12-30,0.0563345056258456,1.0
2019-12-31,0.05604048575700712,1.0
2020-01-01,0.05705816530243303,1.0
2020-01-02,0.0543618927652646,1.0
2020-01-03,0.06060978239159647,1.0
2020-01-06,0.05875753157884688,1.0
2020-01-07,0.06224080665451595,1.0
2020-01-08,0.0602564045465776,1.0
2020-01-09,0.056231536140764087,1.0
2020-01-10,0.05960897923383161,1.0
2020-01-13,0.05653286351762031,1.0
2020-01-14,0.05872927103989932,1.0
2020-01-15,0.05828102310478301,1.0
2020-01-16,0.05518622394836014,1.0
2020-01-17,0.05430658362953193,1.0
2020-01-20,0.05539979934932786,1.0
2020-01-21,0.05759666627577963,1.0
2020-01-22,0.05839110554521114,1.0
2020-01-23,0.05839755149821203,1.0
2020-01-24,0.06712307035636092,1.0
2020-01-27,0.08210929210090237,1.0
2020-01-28,0.07630478533977972,1.0
2020-01-29,0.07773587149040977,1.0
2020-01-30,0.07458492151456904,1.0
2020-01-31,0.09120134947167531,1.0
2020-02-03,0.086372209001043,1.0
2020-02-04,0.07696944794635156,1.0
2020-02-05,0.0701054319972289,1.0
2020-02-06,0.06831622339800239,1.0
2020-02-07,0.07314569382404197,1.0
2020-02-10,0.06861376256234075,1.0
2020-02-11,0.06818175878796717,1.0
2020-02-12,0.06518050871593693,1.0
2020-02-13,0.0662743724184287,1.0
2020-02-14,0.06615826443068103,1.0
2020-02-17,0.067315182697173,1.0
2020-02-18,0.06983693913294395,1.0
2020-02-19,0.06764006787395754,1.0
2020-02-20,0.07135649324263656,1.0
2020-02-21,0.07908871981840443,1.0
2020-02-24,0.11106189570869428,1.0
2020-02-25,0.1463693145570723,1.0
2020-02-26,0.1511321791661759,1.0
2020-02-27,0.2175162331994846,1.0
2020-02-28,0.22142988928893892,1.0
2020-03-02,0.1648828027225163,1.0
2020-03-03,0.2031452211062797,1.0
2020-03-04,0.14933104489767818,1.0
2020-03-05,0.19478653511020974,1.0
2020-03-06,0.21844472292925363,1.0
2020-03-09,0.3604798092929045,1.0
2020-03-10,0.2680572387728998,1.0
2020-03-11,0.3551027458845271,1.0
2020-03-12,0.548168418106051,1.0
2020-03-13,0.38540663910309325,1.0
2020-03-16,0.6049850537742585,0.0
2020-03-17,0.49885661972749645,0.0
2020-03-18,0.5902942601693252,0.0
2020-03-19,0.5800608151613882,0.0
2020-03-20,0.6477215466464851,0.0
2020-03-23,0.6822442422410011,0.0
2020-03-24,0.521397757239508,0.0
2020-03-25,0.48440636625847117,0.0
2020-03-26,0.36200198387508203,0.0
2020-03-27,0.4163912774073339,0.0
2020-03-30,0.34329547815587647,0.0
2020-03-31,0.3645730352230627,0.0
2020-04-01,0.44555645843120717,0.0
2020-04-02,0.39020765256399775,0.0
2020-04-03,0.4108752669839499,0.0
2020-04-06,0.2734628199019268,0.0
2020-04-07,0.2630235921485347,0.0
2020-04-08,0.20297707731947848,0.0
2020-04-09,0.1691122459413955,0.0
2020-04-10,0.16025122747545806,0.0
2020-04-13,0.15605325516045762,0.0
2020-04-14,0.1185863436036358,0.0
2020-04-15,0.1361805592487598,0.0
2020-04-16,0.12759264076649618,0.0
2020-04-17,0.09726142417499754,0.0
2020-04-20,0.1111161952445241,0.0
2020-04-21,0.13493505944978884,0.0
2020-04-22,0.10977101618792993,0.0
2020-04-23,0.10468554763139026,0.0
2020-04-24,0.08971960963749434,0.0
2020-04-27,0.07676835561944144,0.0
2020-04-28,0.07828128722355282,0.0
2020-04-29,0.058292844956196466,0.0
2020-04-30,0.06239440824764501,0.0
2020-05-01,0.07875313465164684,0.0
2020-05-04,0.07131225887663455,0.0
2020-05-05,0.06367509632695069,0.0
2020-05-06,0.06512578412503621,0.0
2020-05-07,0.05641131635887252,0.0
2020-05-08,0.04693822903228346,0.0
2020-05-11,0.045536793438498334,0.0
2020-05-12,0.05379057394212196,0.0
2020-05-13,0.06183937388959392,0.0
2020-05-14,0.05351767030637212,0.0
2020-05-15,0.04919932331018372,0.0
2020-05-18,0.035948450680322604,0.0
2020-05-19,0.03901433422734614,0.0
2020-05-20,0.03240559993091585,0.0
2020-05-21,0.034920023447547306,0.0
2020-05-22,0.03416758274793252,0.0
2020-05-25,0.03380661367484297,0.0
2020-05-26,0.02978841892736338,0.0
2020-05-27,0.025095054350874647,0.0
2020-05-28,0.025625483860746007,0.0
2020-05-29,0.024119047581802392,0.0
2020-06-01,0.023723669965735765,0.0
2020-06-02,0.02200966895113668,0.0
2020-06-03,0.019527719010036044,0.0
2020-06-04,0.021242944962547153,0.0
2020-06-05,0.016839244589858852,0.0
2020-06-08,0.015984285826778293,0.0
2020-06-09,0.018066446637305625,0.0
2020-06-10,0.020127597356535253,0.0
2020-06-11,0.043588890370132416,0.0
2020-06-12,0.04071041699381631,0.0
2020-06-15,0.03835849508677675,0.0
2020-06-16,0.03397876542294297,0.0
2020-06-17,0.03683436237769964,0.0
2020-06-18,0.03858937014714471,0.0
2020-06-19,0.04272574787207957,0.0
2020-06-22,0.041438174908449636,0.0
2020-06-23,0.04078058804088919,0.0
2020-06-24,0.05653167046441644,0.0
2020-06-25,0.05279704196568757,0.0
2020-06-26,0.0698027473788918,0.0
2020-06-29,0.06497612120003943,0.0
2020-06-30,0.05882884095017188,0.0
2020-07-01,0.056617910975410884,0.0
2020-07-02,0.05477515630302182,0.0
2020-07-03,0.054757343801873685,0.0
2020-07-06,0.04811970103818781,0.0
2020-07-07,0.05493044942720062,0.0
2020-07-08,0.05243216243916979,0.0
2020-07-09,0.04912656832568241,0.0
2020-07-10,0.045344083590112154,0.0
2020-07-13,0.050751078269254624,0.0
2020-07-14,0.045812218934481556,0.0
2020-07-15,0.04299544134111632,0.0
2020-07-16,0.045644637358193296,0.0
2020-07-17,0.04522203665790442,0.0
2020-07-20,0.04268587818600222,0.0
2020-07-21,0.04270680853753405,0.0
2020-07-22,0.03924476881682196,0.0
2020-07-23,0.045767476226927714,0.0
2020-07-24,0.048013483981028324,0.0
2020-07-27,0.04514272121208365,0.0
2020-07-28,0.04897072234251553,0.0
2020-07-29,0.044586315644424085,0.0
2020-07-30,0.04735346661682311,0.0
2020-07-31,0.04480694095077264,0.0
2020-08-03,0.042009528047172603,0.0
2020-08-04,0.0410122794843719,0.0
2020-08-05,0.039686486388575415,0.0
2020-08-06,0.0379117782359534,0.0
2020-08-07,0.03845563368224433,0.0
2020-08-10,0.037867628231108105,0.0
2020-08-11,0.04228697642355671,0.0
2020-08-12,0.037916870388249264,0.0
2020-08-13,0.0395078302997674,0.0
2020-08-14,0.040454457819354375,0.0
2020-08-17,0.03993631969817536,0.0
2020-08-18,0.040004269248558974,0.0
2020-08-19,0.04269833388986099,0.0
2020-08-20,0.041180640069333495,0.0
2020-08-21,0.040048363879157965,0.0
2020-08-24,0.03696713383922852,0.0
2020-08-25,0.035905406110358896,0.0
2020-08-26,0.03282827167093905,0.0
2020-08-27,0.03250452948601751,0.0
2020-08-28,0.031009032064679826,0.0
2020-08-31,0.032934368726049386,0.0
2020-09-01,0.03055758258497099,0.0
2020-09-02,0.02719040955545437,0.0
2020-09-03,0.049364446957922775,0.0
2020-09-04,0.055202162764425175,0.0
2020-09-07,0.05636056470409604,0.0
2020-09-08,0.07774875246714828,0.0
2020-09-09,0.06562444269038077,0.0
2020-09-10,0.07952243206641126,0.0
2020-09-11,0.0802941739375579,0.0
2020-09-14,0.07237718800465304,0.0
2020-09-15,0.0701210575437402,0.0
2020-09-16,0.07585142996080695,0.0
2020-09-17,0.08402109386413738,0.0
2020-09-18,0.09739906189782072,0.0
2020-09-21,0.10855632748766024,0.0
2020-09-22,0.10115616258147991,0.0
2020-09-23,0.12453155588667189,0.0
2020-09-24,0.12257803289775643,0.0
2020-09-25,0.10825825595334725,0.0
2020-09-28,0.09594432620414088,0.0
2020-09-29,0.10133036757247622,0.0
2020-09-30,0.09449587557854235,0.0
2020-10-01,0.08461481539915067,0.0
2020-10-02,0.0931244460629892,0.0
2020-10-05,0.08123430575234007,0.0
2020-10-06,0.09002364633547005,0.0
2020-10-07,0.07639197012595371,0.0
2020-10-08,0.0694707870776583,0.0
2020-10-09,0.06473954224335587,0.0
2020-10-12,0.05605265108858128,0.0
2020-10-13,0.060807208220828544,0.0
2020-10-14,0.0653958950366057,0.0
2020-10-15,0.06683297507723739,0.0
2020-10-16,0.06730704660613061,0.0
2020-10-19,0.07878579362170564,0.0
2020-10-20,0.07650690442648354,0.0
2020-10-21,0.0750541915406139,0.0
2020-10-22,0.07204589408390437,0.0
2020-10-23,0.06947930841773194,0.0
2020-10-26,0.08402320611292649,0.0
2020-10-27,0.08694244649108986,0.0
2020-10-28,0.12404798472694196,0.0
2020-10-29,0.11381450163789485,0.0
2020-10-30,0.12398366768824051,0.0
2020-11-02,0.11092812369947952,0.0
2020-11-03,0.09549331693748694,0.0
2020-11-04,0.07870632670896417,0.0
2020-11-05,0.0664053613642792,0.0
2020-11-06,0.06683345404585699,0.0
2020-11-09,0.05913081600499387,0.0
2020-11-10,0.06025293902743082,0.0
2020-11-11,0.05641201862732087,0.0
2020-11-12,0.06277148518353566,0.0
2020-11-13,0.0556706484192858,0.0
2020-11-16,0.0489536962571536,0.0
2020-11-17,0.05232411097287227,0.0
2020-11-18,0.05981932454380475,0.0
2020-11-19,0.057692106536076704,0.0
2020-11-20,0.062090166252898274,0.0
2020-11-23,0.05753255741435483,0.0
2020-11-24,0.04948591030435707,0.0
2020-11-25,0.04632336872317029,0.0
2020-11-26,0.04766259958942744,0.0
2020-11-27,0.0460354195121578,0.0
2020-11-30,0.04881295630854978,0.0
2020-12-01,0.0444737236477398,0.0
2020-12-02,0.043068747679533746,0.0
2020-12-03,0.04301084531616406,0.0
2020-12-04,0.04018160841386247,0.0
2020-12-07,0.041426767103132436,0.0
2020-12-08,0.04076986690840793,0.0
2020-12-09,0.04574509353554306,0.0
2020-12-10,0.04608329566919274,0.0
2020-12-11,0.04678777783320776,0.0
2020-12-14,0.049262723950014325,0.0
2020-12-15,0.04449018641318045,0.0
2020-12-16,0.04422874422280247,0.0
2020-12-17,0.04281420814865802,0.0
2020-12-18,0.04535923136099905,0.0
2020-12-21,0.0481026895132149,0.0
2020-12-22,0.04810166910656042,0.0
2020-12-23,0.04842623959152518,0.0
2020-12-24,0.04740207897614788,0.0
2020-12-25,0.04832906212998495,0.0
2020-12-28,0.04538847619834216,0.0
2020-12-29,0.04660454111941024,0.0
2020-12-30,0.04685147369044703,0.0
2020-12-31,0.045324189249033954,0.0
2021-01-01,0.04546057773694629,0.0
2021-01-04,0.05451006180783037,0.0
2021-01-05,0.05182661510840593,0.0
2021-01-06,0.04890580749957092,0.0
2021-01-07,0.04385881679357116,0.0
2021-01-08,0.04207072234031704,0.0
2021-01-11,0.04644966323316514,0.0
2021-01-12,0.04611824929203801,0.0
2021-01-13,0.04570806954919379,0.0
2021-01-14,0.04816709689076327,0.0
2021-01-15,0.05287888526286182,0.0
2021-01-18,0.054174506645360825,0.0
2021-01-19,0.05138424723486393,0.0
2021-01-20,0.04901673538149581,0.0
2021-01-21,0.049950053361923805,0.0
2021-01-22,0.053758075788915505,0.0
2021-01-25,0.05278643525307889,0.0
2021-01-26,0.05534781285493565,0.0
2021-01-27,0.07794514027973015,0.0
2021-01-28,0.07445607100201813,0.0
2021-01-29,0.09295269441699734,0.0
2021-02-01,0.08062452133957104,0.0
2021-02-02,0.07180587756735586,0.0
2021-02-03,0.07221974796411233,0.0
2021-02-04,0.06510752837353138,0.0
2021-02-05,0.06405098039680387,0.0
2021-02-08,0.060471463410820596,0.0
2021-02-09,0.06185383623868869,0.0
2021-02-10,0.0638748353867869,0.0
2021-02-11,0.06363861300141083,0.0
2021-02-12,0.061319328962659674,0.0
2021-02-15,0.06239377183445027,0.0
2021-02-16,0.06455808210661748,0.0
2021-02-17,0.06403980992641277,0.0
2021-02-18,0.0677480815965625,0.0
2021-02-19,0.06961035656875028,0.0
2021-02-22,0.07617348555977525,0.0
2021-02-23,0.07657234643555823,0.0
2021-02-24,0.06369736572918941,0.0
2021-02-25,0.08483970158570639,0.0
2021-02-26,0.0851939417047552,0.0
2021-03-01,0.06927621780688706,0.0
2021-03-02,0.0742662745234059,0.0
2021-03-03,0.08607642422121052,0.0
2021-03-04,0.09635790176737921,0.0
2021-03-05,0.08401725103874866,0.0
2021-03-08,0.08811041614954102,0.0
2021-03-09,0.07943999267723087,0.0
2021-03-10,0.07582681650856439,0.0
2021-03-11,0.06994390858196774,0.0
2021-03-12,0.06962634867216953,0.0
2021-03-15,0.0667066789097281,0.0
2021-03-16,0.06830082353151645,0.0
2021-03-17,0.06692864442181852,0.0
2021-03-18,0.07829821807821502,0.0
2021-03-19,0.0803871159645317,0.0
2021-03-22,0.07517105644277691,0.0
2021-03-23,0.08193326396355591,0.0
2021-03-24,0.08572875257492547,0.0
2021-03-25,0.07794525235345813,0.0
2021-03-26,0.0680511461259765,0.0
2021-03-29,0.06631433981904919,0.0
2021-03-30,0.06835557635968113,0.0
2021-03-31,0.0648996515753462,0.0
2021-04-01,0.057985573587222596,0.0
2021-04-02,0.05673591044753422,0.0
2021-04-05,0.05010644926528075,0.0
2021-04-06,0.050288351258478574,0.0
2021-04-07,0.05022482974467628,0.0
2021-04-08,0.04815740841884474,0.0
2021-04-09,0.045664941591034666,0.0
2021-04-12,0.04617841583615539,0.0
2021-04-13,0.045472393589767734,0.0
2021-04-14,0.04803306115963687,0.0
2021-04-15,0.04211671988966666,0.0
2021-04-16,0.04117155548484207,0.0
2021-04-19,0.04417974304225299,0.0
2021-04-20,0.04805114436058114,0.0
2021-04-21,0.0449750381364131,0.0
2021-04-22,0.05121334354230497,0.0
2021-04-23,0.04656659277366664,0.0
2021-04-26,0.046691134796088864,0.0
2021-04-27,0.047636964493290024,0.0
2021-04-28,0.04856043253515126,0.0
2021-04-29,0.045883628783194096,0.0
2021-04-30,0.050235004454949,0.0
2021-05-03,0.04831435012320006,0.0
2021-05-04,0.05245589432767772,0.0
2021-05-05,0.052889453404511975,0.0
2021-05-06,0.04971083260600945,0.0
2021-05-07,0.046782227591180205,0.0
2021-05-10,0.05318459017168184,0.0
2021-05-11,0.05933182057686004,0.0
2021-05-12,0.07664909648902533,0.0
2021-05-13,0.06900374203079047,0.0
2021-05-14,0.0614442291096737,0.0
2021-05-17,0.06382900122008968,0.0
2021-05-18,0.07009693001112254,0.0
2021-05-19,0.07202785378174945,0.0
2021-05-20,0.0674612934444355,0.0
2021-05-21,0.06804201959647829,0.0
2021-05-24,0.064466494741864,0.0
2021-05-25,0.06707579565556807,0.0
2021-05-26,0.067626890517097,0.0
2021-05-27,0.06879836105808301,0.0
2021-05-28,0.06938917960608047,0.0
2021-05-31,0.07059413839589058,0.0
2021-06-01,0.07245273113675067,0.0
2021-06-02,0.07239259355033609,0.0
2021-06-03,0.0755661933705926,0.0
2021-06-04,0.07009719369748244,0.0
2021-06-07,0.070468403729557,0.0
2021-06-08,0.07004577053111032,0.0
2021-06-09,0.06528455011699956,0.0
2021-06-10,0.0626293717904608,0.0
2021-06-11,0.05928489892137116,0.0
2021-06-14,0.05866414555682897,0.0
2021-06-15,0.059044729212113144,0.0
2021-06-16,0.06386326683312933,0.0
2021-06-17,0.06286850008265449,0.0
2021-06-18,0.07674999652342161,0.0
2021-06-21,0.06903967807739161,0.0
2021-06-22,0.06661469254181418,0.0
2021-06-23,0.06818086746856443,0.0
2021-06-24,0.0657323810388824,0.0
2021-06-25,0.06433125491797462,0.0
2021-06-28,0.06416898598981921,0.0
2021-06-29,0.06433404187298018,0.0
2021-06-30,0.0643826914445359,0.0
2021-07-01,0.061397558648869505,0.0
2021-07-02,0.05715912533668403,0.0
2021-07-05,0.057631486045723164,0.0
2021-07-06,0.05930300458811338,0.0
2021-07-07,0.057786426618710425,0.0
2021-07-08,0.06433838084800553,0.0
2021-07-09,0.059342459122024446,0.0
2021-07-12,0.05793920979313377,0.0
2021-07-13,0.06088079756186942,0.0
2021-07-14,0.06003910025263542,0.0
2021-07-15,0.06337502407678838,0.0
2021-07-16,0.06649915908525832,0.0
2021-07-19,0.07742102224951296,0.0
2021-07-20,0.06977456599143365,0.0
2021-07-21,0.0653589953238913,0.0
2021-07-22,0.06432620019941736,0.0
2021-07-23,0.05949934403298297,0.0
2021-07-26,0.0586818569064841,0.0
2021-07-27,0.06241070734843262,0.0
2021-07-28,0.06324134006990308,0.0
2021-07-29,0.06129722169786397,0.0
2021-07-30,0.06458931480497933,0.0
2021-08-02,0.06699898408231253,0.0
2021-08-03,0.0634178312085354,0.0
2021-08-04,0.07033306156767356,0.0
2021-08-05,0.06676670689183958,0.0
2021-08-06,0.06631277363567889,0.0
2021-08-09,0.06753721984854683,0.0
2021-08-10,0.06792549750121313,0.0
2021-08-11,0.06733128994189275,0.0
2021-08-12,0.06653251021560223,0.0
2021-08-13,0.06469211074622692,0.0
2021-08-16,0.05900023437437738,0.0
2021-08-17,0.06151026642477374,0.0
2021-08-18,0.07042814129896803,0.0
2021-08-19,0.06993017282737253,0.0
2021-08-20,0.06426761263938172,0.0
2021-08-23,0.060649444966102216,0.0
2021-08-24,0.05987308609542278,0.0
2021-08-25,0.05933843089377764,0.0
2021-08-26,0.06414713224769457,0.0
2021-08-27,0.059960392510825154,0.0
2021-08-30,0.057953851047217855,0.0
2021-08-31,0.058788357332061635,0.0
2021-09-01,0.05848575609900249,0.0
2021-09-02,0.057050159171482574,0.0
2021-09-03,0.05785220956998204,0.0
2021-09-06,0.05844397415141244,0.0
2021-09-07,0.06157475076170082,0.0
2021-09-08,0.06324110054923694,0.0
2021-09-09,0.06687239005573475,0.0
2021-09-10,0.07519078991707259,0.0
2021-09-13,0.0753180083503974,0.0
2021-09-14,0.0793587349720035,0.0
2021-09-15,0.07199625424543764,0.0
2021-09-16,0.07396797857776123,0.0
2021-09-17,0.08209059672073042,0.0
2021-09-20,0.09818064990453858,0.0
2021-09-21,0.09905422762294953,0.0
2021-09-22,0.09287407636698042,0.0
2021-09-23,0.08533602098522783,0.0
2021-09-24,0.08326693474374648,0.0
2021-09-27,0.08543254988417656,0.0
2021-09-28,0.106861752088946,0.0
2021-09-29,0.10545237908377679,0.0
2021-09-30,0.118104404497733,0.0
2021-10-01,0.10961932304138791,0.0
2021-10-04,0.12306012327047622,0.0
2021-10-05,0.11422116638197101,0.0
2021-10-06,0.11051883246587614,0.0
2021-10-07,0.10337067530415663,0.0
2021-10-08,0.10505699246745526,0.0
2021-10-11,0.11449918594716711,0.0
2021-10-12,0.11868322131573497,0.0
2021-10-13,0.1144956354348928,0.0
2021-10-14,0.10060501490456485,0.0
2021-10-15,0.09401000577148337,0.0
2021-10-18,0.08794303952514937,0.0
2021-10-19,0.08237350510894308,0.0
2021-10-20,0.0790362108590397,0.0
2021-10-21,0.07616520124740728,0.0
2021-10-22,0.07753535064283701,0.0
2021-10-25,0.07406434699056345,0.0
2021-10-26,0.068338363902688,0.0
2021-10-27,0.07235455462471921,0.0
2021-10-28,0.06398265835459448,0.0
2021-10-29,0.06218038743804028,0.0
2021-11-01,0.05813753281061081,0.0
2021-11-02,0.05557396976836816,0.0
2021-11-03,0.0527973828980668,0.0
2021-11-04,0.05041554980586737,0.0
2021-11-05,0.048787620315150056,0.0
2021-11-08,0.04729932546213851,0.0
2021-11-09,0.04960388134574353,0.0
2021-11-10,0.05647555019362221,0.0
2021-11-11,0.05375279118931144,0.0
2021-11-12,0.0503575489747047,0.0
2021-11-15,0.05077405473985763,0.0
2021-11-16,0.04875776222672559,0.0
2021-11-17,0.05060510652434836,0.0
2021-11-18,0.04948206596796757,0.0
2021-11-19,0.0509282351582628,0.0
2021-11-22,0.05277508185568972,0.0
2021-11-23,0.0524286847785738,0.0
2021-11-24,0.050823216638715286,0.0
2021-11-25,0.049926654780425336,0.0
2021-11-26,0.070402042827305,0.0
2021-11-29,0.06423733071521501,0.0
2021-11-30,0.08079977259325212,0.0
2021-12-01,0.08969703803657976,0.0
2021-12-02,0.07991196209415306,0.0
2021-12-03,0.08740514627642725,0.0
2021-12-06,0.07976034718769179,0.0
2021-12-07,0.0683305062560246,0.0
2021-12-08,0.06691246660868308,0.0
2021-12-09,0.07211587575335662,0.0
2021-12-10,0.06692366971333204,0.0
2021-12-13,0.07516057631113202,0.0
2021-12-14,0.08090777438881318,0.0
2021-12-15,0.07177084436659897,0.0
2021-12-16,0.07941908913381877,0.0
2021-12-17,0.08852206798275511,0.0
2021-12-20,0.09839241480647144,0.0
2021-12-21,0.08774662577285597,0.0
2021-12-22,0.08106883885309762,0.0
2021-12-23,0.07858587604430288,0.0
2021-12-24,0.07648649773008082,0.0
2021-12-27,0.06844283908093686,0.0
2021-12-28,0.06724011921194753,0.0
2021-12-29,0.06608988695423025,0.0
2021-12-30,0.06798096072665505,0.0
2021-12-31,0.06982545271488423,0.0
2022-01-03,0.06667080582129108,0.0
2022-01-04,0.06509841218354331,0.0
2022-01-05,0.08149018585773848,0.0
2022-01-06,0.08344759607732215,0.0
2022-01-07,0.0866080145506334,0.0
2022-01-10,0.08738652876981684,0.0
2022-01-11,0.08098430965837357,0.0
2022-01-12,0.07750480915178778,0.0
2022-01-13,0.08905105502027953,0.0
2022-01-14,0.08785526226063446,0.0
2022-01-17,0.0868346712801262,0.0
2022-01-18,0.10105634310509845,0.0
2022-01-19,0.10981561802031412,0.0
2022-01-20,0.12066855249049852,0.0
2022-01-21,0.14405950875059978,0.0
2022-01-24,0.13451373270760988,0.0
2022-01-25,0.14811076382731828,0.0
2022-01-26,0.14960800597780458,0.0
2022-01-27,0.15421883674437578,0.0
2022-01-28,0.13344255129200808,0.0
2022-01-31,0.11617727935299853,0.0
2022-02-01,0.10973824141216505,0.0
2022-02-02,0.09915848983238738,0.0
2022-02-03,0.12398162637874201,0.0
2022-02-04,0.11871557968777732,0.0
2022-02-07,0.12119343783933892,0.0
2022-02-08,0.11187791621132977,0.0
2022-02-09,0.09895131004220292,0.0
2022-02-10,0.11560497507756147,0.0
2022-02-11,0.1369422204977595,0.0
2022-02-14,0.13965607320024676,0.0
2022-02-15,0.12073154484932686,0.0
2022-02-16,0.11811224050434295,0.0
2022-02-17,0.14159529603766113,0.0
2022-02-18,0.1474853043502598,0.0
2022-02-21,0.14669918113994476,0.0
2022-02-22,0.15942614422638093,0.0
2022-02-23,0.18378512545429018,1.0
2022-02-24,0.16460913366446678,1.0
2022-02-25,0.13476810022914026,1.0
2022-02-28,0.1347168569206722,1.0
2022-03-01,0.15306940642705763,1.0
2022-03-02,0.13141958911398446,1.0
2022-03-03,0.13233725011117758,1.0
2022-03-04,0.1401020661903165,1.0
2022-03-07,0.17913146863640597,1.0
2022-03-08,0.18647433331305077,1.0
2022-03-09,0.15200612315073378,1.0
2022-03-10,0.15445563232535026,1.0
2022-03-11,0.16743341342755216,1.0
2022-03-14,0.17599775669396278,1.0
2022-03-15,0.14764689554878496,1.0
2022-03-16,0.1233261331228868,1.0
2022-03-17,0.10796843435353196,1.0
2022-03-18,0.09708401839327843,1.0
2022-03-21,0.09681922928724468,1.0
2022-03-22,0.08553160911446842,1.0
2022-03-23,0.09415670324855868,1.0
2022-03-24,0.08079820164520743,1.0
2022-03-25,0.07512986344780861,1.0
2022-03-28,0.06966346767821656,1.0
2022-03-29,0.060463800067281706,1.0
2022-03-30,0.06403883884852511,1.0
2022-03-31,0.07454654038832084,1.0
2022-04-01,0.07184394077620758,1.0
2022-04-04,0.0621844723155134,1.0
2022-04-05,0.0703015248600366,1.0
2022-04-06,0.07500614597019023,1.0
2022-04-07,0.07117421955227965,1.0
2022-04-08,0.07160661724031327,1.0
2022-04-11,0.08458021263667075,1.0
2022-04-12,0.08558409555529904,1.0
2022-04-13,0.0752128763300162,1.0
2022-04-14,0.08435911027765955,1.0
2022-04-15,0.08409844357733988,1.0
2022-04-18,0.0838848377994058,1.0
2022-04-19,0.07313355091896036,1.0
2022-04-20,0.07309280291504866,1.0
2022-04-21,0.0839490486113708,1.0
2022-04-22,0.11108673456807679,0.0
2022-04-25,0.10522090770775032,0.0
2022-04-26,0.1348356896472282,0.0
2022-04-27,0.1307115653662441,0.0
2022-04-28,0.10858932612397446,0.0
2022-04-29,0.15178710770979043,0.0
2022-05-02,0.14260939154267332,0.0
2022-05-03,0.1363005933751512,0.0
2022-05-04,0.10750172656827378,0.0
2022-05-05,0.14734962747761232,0.0
2022-05-06,0.15450594681794017,0.0
2022-05-09,0.1971065832154942,0.0
2022-05-10,0.19220106584410732,0.0
2022-05-11,0.21119603509507115,0.0
2022-05-12,0.21160949033556803,0.0
2022-05-13,0.1782191528539027,0.0
2022-05-16,0.18231692733520763,0.0
2022-05-17,0.15441188113805004,0.0
2022-05-18,0.21254335523324,0.0
2022-05-19,0.22013310814674028,0.0
2022-05-20,0.21554268733842044,0.0
2022-05-23,0.18673536982739466,0.0
2022-05-24,0.19300714977298505,0.0
2022-05-25,0.1799822232241978,0.0
2022-05-26,0.15068498017504162,0.0
2022-05-27,0.1193585854752179,0.0
2022-05-30,0.12031975592847831,0.0
2022-05-31,0.126327263138732,0.0
2022-06-01,0.13203954994896394,0.0
2022-06-02,0.1085566835631699,0.0
2022-06-03,0.12552716750412013,0.0
2022-06-06,0.11795731861857608,0.0
2022-06-07,0.10897115484809823,0.0
2022-06-08,0.11884781833761725,0.0
2022-06-09,0.14599537137351307,0.0
2022-06-10,0.18139112143482114,0.0
2022-06-13,0.2398957192076256,0.0
2022-06-14,0.23683615345089248,0.0
2022-06-15,0.20406578120304353,0.0
2022-06-16,0.25686255751430614,0.0
2022-06-17,0.24808801536982716,0.0
2022-06-20,0.24000019546632015,0.0
2022-06-21,0.19947396029314177,0.0
2022-06-22,0.19647139238854713,0.0
2022-06-23,0.1771981022530554,0.0
2022-06-24,0.13548855483482644,0.0
2022-06-27,0.13686280530178976,0.0
2022-06-28,0.15882207691181716,0.0
2022-06-29,0.15654919823804606,0.0
2022-06-30,0.16103275175739257,0.0
2022-07-01,0.14461282897542702,0.0
2022-07-04,0.14203506114670703,0.0
2022-07-05,0.13685678463814335,1.0
2022-07-06,0.13055818936275396,1.0
2022-07-07,0.11239387396691447,1.0
2022-07-08,0.10855087597357319,1.0
2022-07-11,0.11247906963602325,1.0
2022-07-12,0.11928169226152274,1.0
2022-07-13,0.12124783865257925,1.0
2022-07-14,0.11592085413544999,1.0
2022-07-15,0.09822356954870132,1.0
2022-07-18,0.10445967864886964,1.0
2022-07-19,0.08180553640695114,1.0
2022-07-20,0.07647477098093401,1.0
2022-07-21,0.0690221921349329,1.0
2022-07-22,0.07285254138594567,1.0
2022-07-25,0.07150209268502819,1.0
2022-07-26,0.07779482160509513,1.0
2022-07-27,0.0622280147952603,1.0
2022-07-28,0.05526926750559343,1.0
2022-07-29,0.047995554733562144,1.0
2022-08-01,0.05031550590218222,1.0
2022-08-02,0.0542987198887743,1.0
2022-08-03,0.04720711939386028,1.0
2022-08-04,0.047714190814487786,1.0
2022-08-05,0.049055412345627554,1.0
2022-08-08,0.04944682009067433,1.0
2022-08-09,0.05151443984974077,1.0
2022-08-10,0.04324030486766139,1.0
2022-08-11,0.04380858372654863,1.0
2022-08-12,0.03721502768485132,1.0
2022-08-15,0.03590616669174106,1.0
2022-08-16,0.03476542502690324,1.0
2022-08-17,0.03824931950515031,1.0
2022-08-18,0.03755653080236506,1.0
2022-08-19,0.04386367132722819,1.0
2022-08-22,0.05576233293377936,0.0
2022-08-23,0.05656073890338488,0.0
2022-08-24,0.05310696686647278,0.0
2022-08-25,0.0463817038519806,0.0
2022-08-26,0.06826840811524325,0.0
2022-08-29,0.07268795013523274,0.0
2022-08-30,0.080372683941757,0.0
2022-08-31,0.08460276823100632,0.0
2022-09-01,0.08267879644627221,0.0
2022-09-02,0.09269174801449939,0.0
2022-09-05,0.09559915123191842,0.0
2022-09-06,0.09964247852969402,0.0
2022-09-07,0.0846182115636493,0.0
2022-09-08,0.08285917749579229,0.0
2022-09-09,0.07233482390160118,0.0
2022-09-12,0.06689400481641904,0.0
2022-09-13,0.10748381665987752,0.0
2022-09-14,0.10484861001751512,0.0
2022-09-15,0.1164175860822649,0.0
2022-09-16,0.12602597519150086,0.0
2022-09-19,0.1168578417317497,0.0
2022-09-20,0.13083645659070656,0.0
2022-09-21,0.15119464457987578,0.0
2022-09-22,0.15935449422972667,0.0
2022-09-23,0.1749980312554666,0.0
2022-09-26,0.18764865348190893,0.0
2022-09-27,0.19003002990680845,0.0
2022-09-28,0.16613327540644351,0.0
2022-09-29,0.19530521583114996,0.0
2022-09-30,0.21691843073356865,0.0
2022-10-03,0.18238940038627074,0.0
2022-10-04,0.1465241395862103,0.0
2022-10-05,0.1472805782092476,0.0
2022-10-06,0.15973729446676715,0.0
2022-10-07,0.19737454277905095,0.0
2022-10-10,0.20549568050196435,0.0
2022-10-11,0.2044701127087468,0.0
2022-10-12,0.2067287508825116,0.0
2022-10-13,0.1722836072010746,0.0
2022-10-14,0.20423642998100683,0.0
2022-10-17,0.1693033465399214,0.0
2022-10-18,0.15382179793876707,0.0
2022-10-19,0.16162117980856786,0.0
2022-10-20,0.17059708062811488,0.0
2022-10-21,0.13952739505383055,0.0
2022-10-24,0.12395197472678289,0.0
2022-10-25,0.1071104417128449,0.0
2022-10-26,0.11288605054380262,0.0
2022-10-27,0.11503991891095239,0.0
2022-10-28,0.09159162451995531,0.0
2022-10-31,0.09543360959395758,0.0
2022-11-01,0.09538320151521869,0.0
2022-11-02,0.12010501667186291,0.0
2022-11-03,0.1288494771660019,0.0
2022-11-04,0.10927680992683783,0.0
2022-11-07,0.0983483080077872,0.0
2022-11-08,0.09167465407335221,0.0
2022-11-09,0.11007241077257343,0.0
2022-11-10,0.06833484141424238,0.0
2022-11-11,0.06026545405939803,0.0
2022-11-14,0.06476163879771876,0.0
2022-11-15,0.059115212084682275,0.0
2022-11-16,0.06337023912996621,0.0
2022-11-17,0.06437447804417358,0.0
2022-11-18,0.061234053500426926,0.0
2022-11-21,0.06322635403238504,0.0
2022-11-22,0.055284599519644026,0.0
2022-11-23,0.05199563721637566,0.0
2022-11-24,0.05208055550284581,0.0
2022-11-25,0.051691629218151985,0.0
2022-11-28,0.06114441894073668,0.0
2022-11-29,0.06225796944504204,0.0
2022-11-30,0.045525940359494414,0.0
2022-12-01,0.045755630967591325,0.0
2022-12-02,0.04634367005384493,0.0
2022-12-05,0.05619179349948602,0.0
2022-12-06,0.06679371136540634,0.0
2022-12-07,0.06656637922330703,0.0
2022-12-08,0.054739454848030104,0.0
2022-12-09,0.058993817406485474,0.0
2022-12-12,0.05183214848444096,0.0
2022-12-13,0.04849489375414085,0.0
2022-12-14,0.05228477778719071,0.0
2022-12-15,0.06870614292297772,0.0
2022-12-16,0.07787552387575719,0.0
2022-12-19,0.0849857163587846,0.0
2022-12-20,0.0836101513589112,0.0
2022-12-21,0.07421946913509456,0.0
2022-12-22,0.08643869501201394,0.0
2022-12-23,0.08339498134451916,0.0
2022-12-26,0.0838639391006371,0.0
2022-12-27,0.08803927451714612,0.0
2022-12-28,0.09289418982160388,0.0
2022-12-29,0.0812481725837525,0.0
2022-12-30,0.08465384769769077,0.0
2023-01-02,0.0843784284729268,0.0
2023-01-03,0.0877821656125013,0.0
2023-01-04,0.08319520567718056,0.0
2023-01-05,0.09340664993093968,0.0
2023-01-06,0.07941628202894069,0.0
2023-01-09,0.08014845714221734,0.0
2023-01-10,0.0757541690244096,0.0
2023-01-11,0.06853467109624892,0.0
2023-01-12,0.06468836969102842,0.0
2023-01-13,0.06252585565575322,0.0
2023-01-16,0.06270409619821717,0.0
2023-01-17,0.06444033076158442,0.0
2023-01-18,0.07571051658754648,0.0
2023-01-19,0.08040283502774628,0.0
2023-01-20,0.06936259496140752,0.0
2023-01-23,0.06262125367188438,0.0
2023-01-24,0.06364540810774698,0.0
2023-01-25,0.06377085522278096,0.0
2023-01-26,0.057520694415467824,0.0
2023-01-27,0.056903180058120804,0.0
2023-01-30,0.06592746606900846,0.0
2023-01-31,0.05807687940324807,0.0
2023-02-01,0.053618253062757366,0.0
2023-02-02,0.04881555254343691,0.0
2023-02-03,0.0539036846728916,0.0
2023-02-06,0.05816262303111734,0.0
2023-02-07,0.05173624635857434,0.0
2023-02-08,0.05841733190371435,0.0
2023-02-09,0.06439107952531095,0.0
2023-02-10,0.06334043012179968,0.0
2023-02-13,0.05730901336382814,0.0
2023-02-14,0.05806473244142198,0.0
2023-02-15,0.05503393892744651,0.0
2023-02-16,0.06397218328818688,0.0
2023-02-17,0.06425360415696481,0.0
2023-02-20,0.0642425392068524,0.0
2023-02-21,0.08023672761695533,0.0
2023-02-22,0.08303795862448429,0.0
2023-02-23,0.07821644514425785,0.0
2023-02-24,0.08657874567890109,0.0
2023-02-27,0.08368420300679758,0.0
2023-02-28,0.08544974000235331,0.0
2023-03-01,0.08730006344854928,0.0
2023-03-02,0.07986666013384111,0.0
2023-03-03,0.07050072058693464,0.0
2023-03-06,0.07039837894104513,0.0
2023-03-07,0.08091403615642588,0.0
2023-03-08,0.0792252374522396,0.0
2023-03-09,0.09691867069300301,0.0
2023-03-10,0.11133796771234096,0.0
2023-03-13,0.11088180795409187,0.0
2023-03-14,0.09909370993320056,0.0
2023-03-15,0.10520972759464466,0.0
2023-03-16,0.09246298628964551,0.0
2023-03-17,0.10369049786032457,0.0
2023-03-20,0.09628493928816605,0.0
2023-03-21,0.08434320321072518,0.0
2023-03-22,0.10118179908247296,0.0
2023-03-23,0.09976388653076877,0.0
2023-03-24,0.0940944863569491,0.0
2023-03-27,0.09298101274158649,0.0
2023-03-28,0.09538849548678027,0.0
2023-03-29,0.08502116382670942,0.0
2023-03-30,0.08150557223941367,0.0
2023-03-31,0.07241935210023817,0.0
2023-04-03,0.07053255764338227,0.0
2023-04-04,0.07354533002032489,0.0
2023-04-05,0.07619128991716942,0.0
2023-04-06,0.07113082130267104,0.0
2023-04-07,0.06943982181686618,0.0
2023-04-10,0.06897982489190572,0.0
2023-04-11,0.06790828025685058,0.0
2023-04-12,0.07136170668495478,0.0
2023-04-13,0.06255522361424617,0.0
2023-04-14,0.06364270430018715,0.0
2023-04-17,0.06164915141923694,0.0
2023-04-18,0.060671537230748154,0.0
2023-04-19,0.057706596089768726,0.0
2023-04-20,0.06180349696270286,0.0
2023-04-21,0.06137589888244576,0.0
2023-04-24,0.06132014806884067,0.0
2023-04-25,0.07474807779682918,0.0
2023-04-26,0.07596081847979828,0.0
2023-04-27,0.0657772081301874,0.0
2023-04-28,0.0598282908040698,0.0
2023-05-01,0.06060841897825824,0.0
2023-05-02,0.06862111279427446,0.0
2023-05-03,0.07382294222014985,0.0
2023-05-04,0.07918451956157307,0.0
2023-05-05,0.06878502384564135,0.0
2023-05-08,0.06894886820329053,0.0
2023-05-09,0.07209394696862152,0.0
2023-05-10,0.06895076548976814,0.0
2023-05-11,0.06938227746468378,0.0
2023-05-12,0.07031665602997927,0.0
2023-05-15,0.06819909683804633,0.0
2023-05-16,0.07441428622530716,0.0
2023-05-17,0.06765886866100047,0.0
2023-05-18,0.0623432599128777,0.0
2023-05-19,0.06421415174916104,0.0
2023-05-22,0.06454649733065826,0.0
2023-05-23,0.07109196454845541,0.0
2023-05-24,0.07689429464701374,0.0
2023-05-25,0.06861567969725717,0.0
2023-05-26,0.06190689502833395,0.0
2023-05-29,0.06231329299280095,0.0
2023-05-30,0.06205700172221409,0.0
2023-05-31,0.06579564114762351,0.0
2023-06-01,0.06132121147285732,0.0
2023-06-02,0.053326255244298466,0.0
2023-06-05,0.055416483862442065,0.0
2023-06-06,0.05519070168287282,0.0
2023-06-07,0.05832017983811446,0.0
2023-06-08,0.05628240629578546,0.0
2023-06-09,0.05647665448946549,0.0
2023-06-12,0.05287796760175465,0.0
2023-06-13,0.04985636711796551,0.0
2023-06-14,0.05033140624963725,0.0
2023-06-15,0.04542185584427711,0.0
2023-06-16,0.048082373000498294,0.0
2023-06-19,0.04894890410757004,0.0
2023-06-20,0.051074717871337154,0.0
2023-06-21,0.054439949587034284,0.0
2023-06-22,0.052856808812015564,0.0
2023-06-23,0.057632634756648295,0.0
2023-06-26,0.06085902153787994,0.0
2023-06-27,0.05608104540271888,0.0
2023-06-28,0.05588803833107851,0.0
2023-06-29,0.05381415805860173,0.0
2023-06-30,0.047660893929353826,0.0
2023-07-03,0.04765277468460944,0.0
2023-07-04,0.04834707407483585,0.0
2023-07-05,0.04965565340776495,0.0
2023-07-06,0.05535172779775727,0.0
2023-07-07,0.05752323174886539,0.0
2023-07-10,0.055954998393495825,0.0
2023-07-11,0.053058099320927775,0.0
2023-07-12,0.050053038659498277,0.0
2023-07-13,0.04613418675197836,0.0
2023-07-14,0.04696829405205167,0.0
2023-07-17,0.04609413250074955,0.0
2023-07-18,0.04403489552910182,0.0
2023-07-19,0.04344721815680311,0.0
2023-07-20,0.048807724818230605,0.0
2023-07-21,0.04856312536904181,0.0
2023-07-24,0.04665813599928907,0.0
2023-07-25,0.04561520701887076,0.0
2023-07-26,0.04664769793202529,0.0
2023-07-27,0.051986267190720054,0.0
2023-07-28,0.04812106233071984,0.0
2023-07-31,0.048066472278073966,0.0
2023-08-01,0.05071911215910341,0.0
2023-08-02,0.06184264235939844,0.0
2023-08-03,0.06349517724383308,0.0
2023-08-04,0.06739209758186977,0.0
2023-08-07,0.06352103129854382,0.0
2023-08-08,0.0674241925893689,0.0
2023-08-09,0.07291201608664608,0.0
2023-08-10,0.07258576902236771,0.0
2023-08-11,0.0737936753721277,0.0
2023-08-14,0.07104643916424327,0.0
2023-08-15,0.08122899452590372,0.0
2023-08-16,0.08835620926561247,0.0
2023-08-17,0.09560249267031452,0.0
2023-08-18,0.096934899613044,0.0
2023-08-21,0.09243592613136029,0.0
2023-08-22,0.09492213111309165,0.0
2023-08-23,0.08937976593181961,0.0
2023-08-24,0.10349139068874931,0.0
2023-08-25,0.09777000665856712,0.0
2023-08-28,0.09354537054525135,0.0
2023-08-29,0.0850475699493414,0.0
2023-08-30,0.08013714169971935,0.0
2023-08-31,0.08203747124412124,0.0
2023-09-01,0.08087079630026549,0.0
2023-09-04,0.08071809174716632,0.0
2023-09-05,0.0844829738226738,0.0
2023-09-06,0.08986312255645906,0.0
2023-09-07,0.09381721038746194,0.0
2023-09-08,0.09285404855010691,0.0
2023-09-11,0.0876157055542528,0.0
2023-09-12,0.09040943676944546,0.0
2023-09-13,0.08887065284775546,0.0
2023-09-14,0.08169740618594037,0.0
2023-09-15,0.09449236707882626,0.0
2023-09-18,0.09395139218755275,0.0
2023-09-19,0.09679842539261516,0.0
2023-09-20,0.10386214809578567,0.0
2023-09-21,0.1194161265812737,0.0
2023-09-22,0.12134907423282289,0.0
2023-09-25,0.11589652326817042,0.0
2023-09-26,0.126755601265116,0.0
2023-09-27,0.12487296017856821,0.0
2023-09-28,0.12028464202078841,0.0
2023-09-29,0.12201712375457108,0.0
2023-10-02,0.12199197241830562,0.0
2023-10-03,0.1377470046567568,0.0
2023-10-04,0.13081626047257122,0.0
2023-10-05,0.13091713031310717,0.0
2023-10-06,0.11999559261896584,0.0
2023-10-09,0.11260322792241541,0.0
2023-10-10,0.107700907714373,0.0
2023-10-11,0.10345972676073027,0.0
2023-10-12,0.10740407511693877,0.0
2023-10-13,0.10947608279565116,0.0
2023-10-16,0.10070308733801661,0.0
2023-10-17,0.10015019642818032,0.0
2023-10-18,0.11224408041183927,0.0
2023-10-19,0.11668866062507355,0.0
2023-10-20,0.13079603575703216,0.0
2023-10-23,0.13062113168862083,0.0
2023-10-24,0.11850974858797086,0.0
2023-10-25,0.13642752582189785,0.0
2023-10-26,0.14935603985994345,0.0
2023-10-27,0.15341738755641893,0.0
2023-10-30,0.1405828995890065,0.0
2023-10-31,0.12997008370254068,0.0
2023-11-01,0.11830740384965344,0.0
2023-11-02,0.10208504281925598,0.0
2023-11-03,0.09268885041500718,0.0
2023-11-06,0.09015701819671271,0.0
2023-11-07,0.08801690028060905,0.0
2023-11-08,0.08743099872133536,0.0
2023-11-09,0.09406807416734744,0.0
2023-11-10,0.08242611765244708,0.0
2023-11-13,0.08253866510392724,0.0
2023-11-14,0.07030348012571884,0.0
2023-11-15,0.06778831781815814,0.0
2023-11-16,0.06713813553223168,0.0
2023-11-17,0.0648512043442527,0.0
2023-11-20,0.06029499773397759,0.0
2023-11-21,0.06240958772442729,0.0
2023-11-22,0.05754422988168858,0.0
2023-11-23,0.05549282391102428,0.0
2023-11-24,0.054606173723087154,0.0
2023-11-27,0.055579686528657475,0.0
2023-11-28,0.055311358897477306,0.0
2023-11-29,0.05579125973256892,0.0
2023-11-30,0.05148586529523444,0.0
2023-12-01,0.04846412955486962,0.0
2023-12-04,0.051926446520091686,0.0
2023-12-05,0.052395840229522025,0.0
2023-12-06,0.05508985326695376,0.0
2023-12-07,0.050518379855707514,0.0
2023-12-08,0.04720460243370733,0.0
2023-12-11,0.04563192525440505,0.0
2023-12-12,0.04040805910565703,0.0
2023-12-13,0.03702845099532927,0.0
2023-12-14,0.036704738972390565,0.0
2023-12-15,0.038101934880121605,0.0
2023-12-18,0.03631085080013467,0.0
2023-12-19,0.03496667149991035,0.0
2023-12-20,0.043518906138515334,0.0
2023-12-21,0.04061832603921191,0.0
2023-12-22,0.04055352401300241,0.0
2023-12-25,0.0412221996057458,0.0
2023-12-26,0.04074401582794119,0.0
2023-12-27,0.04083292231125774,0.0
2023-12-28,0.041535398784923315,0.0
2023-12-29,0.043855063696740755,0.0
2024-01-01,0.04414223033741084,0.0
2024-01-02,0.047958245957837355,0.0
2024-01-03,0.053312744055600096,0.0
2024-01-04,0.05567999016863949,0.0
2024-01-05,0.055710544132450954,0.0
2024-01-08,0.05053952848982133,0.0
2024-01-09,0.05207740306698855,0.0
2024-01-10,0.0492046544041294,0.0
2024-01-11,0.05063927417807782,0.0
2024-01-12,0.05189448304090157,0.0
2024-01-15,0.05269551834503707,0.0
2024-01-16,0.055493548210506026,0.0
2024-01-17,0.05799419754187613,0.0
2024-01-18,0.05477460649948869,0.0
2024-01-19,0.051470223059732687,0.0
2024-01-22,0.05199752793654757,0.0
2024-01-23,0.05173906439726323,0.0
2024-01-24,0.052651817526161424,0.0
2024-01-25,0.05231374484346873,0.0
2024-01-26,0.05407454786678183,0.0
2024-01-29,0.05137681783237816,0.0
2024-01-30,0.052085731534322055,0.0
2024-01-31,0.06429742299491922,0.0
2024-02-01,0.05886505691691272,0.0
2024-02-02,0.055361368854363636,0.0
2024-02-05,0.057043408445379876,0.0
2024-02-06,0.05793914079945312,0.0
2024-02-07,0.054395080808992455,0.0
2024-02-08,0.05501403231458301,0.0
2024-02-09,0.052867336297766,0.0
2024-02-12,0.05425610646956133,0.0
2024-02-13,0.06483913039355914,0.0
2024-02-14,0.05971364649351763,0.0
2024-02-15,0.056336275702978264,0.0
2024-02-16,0.05927928262677851,0.0
2024-02-19,0.06034466077200097,0.0
2024-02-20,0.06506606055268786,0.0
2024-02-21,0.06546818892253906,0.0
2024-02-22,0.05610002537813554,0.0
2024-02-23,0.05672342973729612,0.0
2024-02-26,0.05993338263002498,0.0
2024-02-27,0.059902382154575,0.0
2024-02-28,0.05847756979608872,0.0
2024-02-29,0.05622413743858268,0.0
2024-03-01,0.05174153821122533,0.0
2024-03-04,0.05302490644826643,0.0
2024-03-05,0.06054431275418935,0.0
2024-03-06,0.058604173602159644,0.0
2024-03-07,0.0543510553292673,0.0
2024-03-08,0.058741039278328265,0.0
2024-03-11,0.06011958162136699,0.0
2024-03-12,0.05299884034718706,0.0
2024-03-13,0.055190716507048154,0.0
2024-03-14,0.05710290224859521,0.0
2024-03-15,0.061972066548110126,0.0
2024-03-18,0.05941501294543435,0.0
2024-03-19,0.056514054442471186,0.0
2024-03-20,0.05257688116749399,0.0
2024-03-21,0.047877541263711784,0.0
2024-03-22,0.049791816631304796,0.0
2024-03-25,0.051831987929184094,0.0
2024-03-26,0.0539061118201087,0.0
2024-03-27,0.05115076501912245,0.0
2024-03-28,0.05232877653198503,0.0
2024-03-29,0.05252798667423124,0.0
2024-04-01,0.05489753430448873,0.0
2024-04-02,0.05813783443211354,0.0
2024-04-03,0.05815682324118625,0.0
2024-04-04,0.06693518280784101,0.0
2024-04-05,0.06196614538489987,0.0
2024-04-08,0.062480148569586766,0.0
2024-04-09,0.061296967181948644,0.0
2024-04-10,0.06986146475945804,0.0
2024-04-11,0.06675586866984863,0.0
2024-04-12,0.07879853232523786,0.0
2024-04-15,0.09006393252019385,0.0
2024-04-16,0.09141880198373445,0.0
2024-04-17,0.09504883338352431,0.0
2024-04-18,0.0966858725089907,0.0
2024-04-19,0.10529284412123761,0.0
2024-04-22,0.09961016682298375,0.0
2024-04-23,0.09209407118770307,0.0
2024-04-24,0.0932707314449149,0.0
2024-04-25,0.09783141014783694,0.0
2024-04-26,0.09228636407981834,0.0
2024-04-29,0.09019553262548224,0.0
2024-04-30,0.10559231244745805,0.0
2024-05-01,0.10913102726320065,0.0
2024-05-02,0.10006127922030032,0.0
2024-05-03,0.08967444969750907,0.0
2024-05-06,0.08274583873745314,0.0
2024-05-07,0.08374409224169961,0.0
2024-05-08,0.08337512054586797,0.0
2024-05-09,0.07921980961979101,0.0
2024-05-10,0.0763940096434816,0.0
2024-05-13,0.07430969695694141,0.0
2024-05-14,0.07180487355045845,0.0
2024-05-15,0.06424614418198527,0.0
2024-05-16,0.06762551983373191,0.0
2024-05-17,0.06540879069931015,0.0
2024-05-20,0.06486985645930647,0.0
2024-05-21,0.06272377855272311,0.0
2024-05-22,0.06526722864707592,0.0
2024-05-23,0.07103949692521459,0.0
2024-05-24,0.06675485219780311,0.0
2024-05-27,0.0671933299079405,0.0
2024-05-28,0.06270140771246185,0.0
2024-05-29,0.06838438640703531,0.0
2024-05-30,0.07371610319945354,0.0
2024-05-31,0.06679708625162054,0.0
2024-06-03,0.06520893990606891,0.0
2024-06-04,0.06511788167365254,0.0
2024-06-05,0.05979666104248641,0.0
2024-06-06,0.06002399725805683,0.0
2024-06-07,0.061450550343885385,0.0
2024-06-10,0.060144253106301775,0.0
2024-06-11,0.05904799473155468,0.0
2024-06-12,0.05368654724517981,0.0
2024-06-13,0.05282134236330009,0.0
2024-06-14,0.052897567627906046,0.0
2024-06-17,0.04975687919634999,0.0
2024-06-18,0.048967637999702926,0.0
2024-06-19,0.04928311299971544,0.0
2024-06-20,0.05007264592981718,0.0
2024-06-21,0.05090621696111346,0.0
2024-06-24,0.053265991974237994,0.0
2024-06-25,0.0519136898209443,0.0
2024-06-26,0.05049004231988995,0.0
2024-06-27,0.04932012670879666,0.0
2024-06-28,0.05164931851284125,0.0
2024-07-01,0.051054407826929056,0.0
2024-07-02,0.04853367141626963,0.0
2024-07-03,0.04540907469842417,0.0
2024-07-04,0.04600016620293945,0.0
2024-07-05,0.04461108295033692,0.0
2024-07-08,0.04534770336189319,0.0
2024-07-09,0.04572973472293367,0.0
2024-07-10,0.04267566465658018,0.0
2024-07-11,0.04944087359344058,0.0
2024-07-12,0.048157141754197524,0.0
2024-07-15,0.04722582334840436,0.0
2024-07-16,0.04599675040368638,0.0
2024-07-17,0.05731290361241876,0.0
2024-07-18,0.06363507373243617,0.0
2024-07-19,0.06964395838815332,0.0
2024-07-22,0.06476401578735254,0.0
2024-07-23,0.0689079062328543,0.0
2024-07-24,0.09168307376635226,0.0
2024-07-25,0.09773313471895477,0.0
2024-07-26,0.09132360374341336,0.0
2024-07-29,0.09235976328052946,0.0
2024-07-30,0.09666875558421288,0.0
2024-07-31,0.08568598810095579,0.0
2024-08-01,0.09926773225990466,0.0
2024-08-02,0.11772784910964533,0.0
2024-08-05,0.1525034099578802,0.0
2024-08-06,0.1426041106731231,0.0
2024-08-07,0.14903064863092702,0.0
2024-08-08,0.12592597421672783,0.0
2024-08-09,0.12112596291555168,0.0
2024-08-12,0.12078726181186074,0.0
2024-08-13,0.10550739186531852,0.0
2024-08-14,0.10202075831331549,0.0
2024-08-15,0.08849066519087083,0.0
2024-08-16,0.08715100586762205,0.0
2024-08-19,0.0799986652149069,0.0
2024-08-20,0.08178436264631157,0.0
2024-08-21,0.07682791783823101,0.0
2024-08-22,0.083720624496404,0.0
2024-08-23,0.07632148301585874,0.0
2024-08-26,0.07887470944693331,0.0
2024-08-27,0.07836526055704848,0.0
2024-08-28,0.08252873937224972,0.0
2024-08-29,0.08146302550231059,0.0
2024-08-30,0.07223848647071816,0.0
2024-09-02,0.06489025558248694,0.0
2024-09-03,0.08329993368568336,0.0
2024-09-04,0.08477252367946662,0.0
2024-09-05,0.0830991945385462,0.0
2024-09-06,0.09944175492965832,0.0
2024-09-09,0.09073309148412517,0.0
2024-09-10,0.0852983442455042,0.0
2024-09-11,0.07822479023459349,0.0
2024-09-12,0.07084521629669259,0.0
2024-09-13,0.06794596803919953,0.0
2024-09-16,0.0667435920203911,0.0
2024-09-17,0.06682195170843987,0.0
2024-09-18,0.0690121593254648,0.0
2024-09-19,0.05975253015320944,0.0
2024-09-20,0.06069480084223605,0.0
2024-09-23,0.05962881075201362,0.0
2024-09-24,0.05845143355625202,0.0
2024-09-25,0.05987630148791502,0.0
2024-09-26,0.05796798903801562,0.0
2024-09-27,0.058749124906587596,0.0
2024-09-30,0.056840134987245015,0.0
2024-10-01,0.05944702907118816,0.0
2024-10-02,0.05939715613501525,0.0
2024-10-03,0.060749395417298575,0.0
2024-10-04,0.05315869158292138,0.0
2024-10-07,0.05873457349416424,0.0
2024-10-08,0.054090954736938195,0.0
2024-10-09,0.050655936694036674,0.0
2024-10-10,0.051777629023036995,0.0
2024-10-11,0.04928927446162974,0.0
2024-10-14,0.046170538961144855,0.0
2024-10-15,0.050947881421937236,0.0
2024-10-16,0.04990955758156608,0.0
2024-10-17,0.048610098628042935,0.0
2024-10-18,0.04742656967025662,0.0
2024-10-21,0.04886513578382643,0.0
2024-10-22,0.04983929909794077,0.0
2024-10-23,0.05611409781973712,0.0
2024-10-24,0.05577893833885247,0.0
2024-10-25,0.05732242076258662,0.0
2024-10-28,0.05850235715658888,0.0
2024-10-29,0.05750275995014129,0.0
2024-10-30,0.06071695474333807,0.0
2024-10-31,0.08035325051157642,0.0
2024-11-01,0.0772084722970133,0.0
2024-11-04,0.07841994261116067,0.0
2024-11-05,0.071853649112327,0.0
2024-11-06,0.060850701460740744,0.0
2024-11-07,0.05805243135485975,0.0
2024-11-08,0.056189000063759154,0.0
2024-11-11,0.05619959487929194,0.0
2024-11-12,0.058014513471532345,0.0
2024-11-13,0.05826820628159953,0.0
2024-11-14,0.06340872015937318,0.0
2024-11-15,0.0736910349193738,0.0
2024-11-18,0.07155444739478217,0.0
2024-11-19,0.06974166608494278,0.0
2024-11-20,0.06941593472929108,0.0
2024-11-21,0.06672749676761149,0.0
2024-11-22,0.06568949459175046,0.0
2024-11-25,0.06417571331625277,0.0
2024-11-26,0.0638642874894958,0.0
2024-11-27,0.06669024026698624,0.0
2024-11-28,0.06270591200676112,0.0
2024-11-29,0.06148315968400116,0.0
2024-12-02,0.06152843565564185,0.0
2024-12-03,0.0612143182207333,0.0
2024-12-04,0.051784554623252134,0.0
2024-12-05,0.052912591347403296,0.0
2024-12-06,0.05247785856049908,0.0
2024-12-09,0.056394595666379624,0.0
2024-12-10,0.05877410042989695,0.0
2024-12-11,0.05598266463371102,0.0
2024-12-12,0.05988131020804281,0.0
2024-12-13,0.056651818179762996,0.0
2024-12-16,0.05492029474818599,0.0
2024-12-17,0.05823726412063539,0.0
2024-12-18,0.09143699006007451,0.0
2024-12-19,0.0916254782621265,0.0
2024-12-20,0.08377547230494298,0.0
2024-12-23,0.07990183513242013,0.0
2024-12-24,0.07362390148550016,0.0
2024-12-25,0.07434805643229295,0.0
2024-12-26,0.07504533841031077,0.0
2024-12-27,0.08391776495332522,0.0
2024-12-30,0.09485714822640084,0.0
2024-12-31,0.09873060525899004,0.0
2025-01-01,0.09852246573169215,0.0
2025-01-02,0.10101590875250635,0.0
2025-01-03,0.0921928960652951,0.0
2025-01-06,0.08825057393857566,0.0
2025-01-07,0.09909233296848052,0.0
2025-01-08,0.09725578673855918,0.0
2025-01-09,0.09730613995624814,0.0
2025-01-10,0.11255427005635434,1.0
2025-01-13,0.1106648495473384,1.0
2025-01-14,0.10948111226843119,1.0
2025-01-15,0.08675946435400314,1.0
2025-01-16,0.08869441388651352,1.0
2025-01-17,0.08061356213615209,1.0
2025-01-20,0.08067569632651499,1.0
2025-01-21,0.07388109458275628,1.0
2025-01-22,0.07072039325236984,1.0
2025-01-23,0.0693751618348992,1.0
2025-01-24,0.07083369305707754,1.0
2025-01-27,0.08177177932993586,1.0
2025-01-28,0.07654425921221748,1.0
2025-01-29,0.08281357455714432,1.0
2025-01-30,0.07911194102264969,1.0
2025-01-31,0.08224813883109643,1.0
2025-02-03,0.08778472101277787,1.0
2025-02-04,0.08113928841542288,1.0
2025-02-05,0.07839124122283242,1.0
2025-02-06,0.07633859514625298,1.0
2025-02-07,0.08177229600587393,1.0
2025-02-10,0.07736777771254727,1.0
2025-02-11,0.07717243995602664,1.0
2025-02-12,0.07626096042236832,1.0
2025-02-13,0.0700917173579513,1.0
2025-02-14,0.06954025179567445,1.0
2025-02-17,0.06979613034127946,1.0
2025-02-18,0.06729960203596022,1.0
2025-02-19,0.06582582655688639,1.0
2025-02-20,0.06855980735247427,1.0
2025-02-21,0.08373299599920314,1.0
2025-02-24,0.08467937665272295,1.0
2025-02-25,0.08739695022949492,1.0
2025-02-26,0.08666157607257517,1.0
2025-02-27,0.10184756720856745,1.0
2025-02-28,0.09111624233029605,1.0
2025-03-03,0.10844461693608026,0.0
2025-03-04,0.11951616508062544,0.0
2025-03-05,0.10964841884468172,0.0
2025-03-06,0.12862444574835155,0.0
2025-03-07,0.1218258107929033,0.0
2025-03-10,0.1540919748655652,0.0
2025-03-11,0.1628243838975333,0.0
2025-03-12,0.160824849329789,0.0
2025-03-13,0.1744495724901866,0.0
2025-03-14,0.15299830016762345,0.0
2025-03-17,0.14412405247771215,0.0
2025-03-18,0.15641654330608923,0.0
2025-03-19,0.14305759515347985,0.0
2025-03-20,0.1454050703256625,0.0
2025-03-21,0.14244031921478,0.0
2025-03-24,0.12470829699495288,0.0
2025-03-25,0.12192709507201437,0.0
2025-03-26,0.13465230680519705,0.0
2025-03-27,0.13530063564795825,0.0
2025-03-28,0.1575075046340957,0.0
2025-03-31,0.14639304709215598,0.0
2025-04-01,0.14174261302425029,0.0
2025-04-02,0.1328508189254465,0.0
2025-04-03,0.203546794158345,0.0
2025-04-04,0.30969884275307963,0.0
2025-04-07,0.3054766387440273,0.0
2025-04-08,0.33050086124935607,0.0
2025-04-09,0.17596391882283424,0.0
2025-04-10,0.24272957061732867,0.0
2025-04-11,0.2110987728042252,0.0
2025-04-14,0.1938830376711063,0.0
2025-04-15,0.19583387139968159,0.0
2025-04-16,0.22568738109500824,0.0
2025-04-17,0.22029810105915193,0.0
2025-04-18,0.21637735406123076,0.0
2025-04-21,0.2507376143705384,0.0
2025-04-22,0.20646231768851936,0.0
2025-04-23,0.1813765698413668,0.0
2025-04-24,0.15172448747497572,0.0
2025-04-25,0.14052966497222363,0.0
2025-04-28,0.13866666175351314,0.0
2025-04-29,0.12979273439100694,0.0
2025-04-30,0.12763219736942652,0.0
2025-05-01,0.11452732962446534,0.0
2025-05-02,0.09380981435842163,0.0
2025-05-05,0.09795167316664681,0.0
2025-05-06,0.103903823896674,0.0
2025-05-07,0.08071372061068864,0.0
2025-05-08,0.0699413738775954,0.0
2025-05-09,0.06936843292812163,0.0
2025-05-12,0.05146863275213339,0.0
2025-05-13,0.04778837816357512,0.0
2025-05-14,0.04566330463460509,0.0
2025-05-15,0.04312970974164508,0.0
2025-05-16,0.04035985909488354,0.0
2025-05-19,0.03835676098014725,0.0
